#{"t_start": 1766553239.474264, "env_id": "SuperMarioBros-v0"}
r,l,t
1053.0,1099,16.782821
