#{"t_start": 1766553366.7132714, "env_id": "SuperMarioBros-v0"}
r,l,t
1938.0,1795,26.591795
