#{"t_start": 1766553290.5759737, "env_id": "SuperMarioBros-v0"}
r,l,t
1909.0,1034,15.739501
