#{"t_start": 1766553604.2035818, "env_id": "SuperMarioBros-v0"}
r,l,t
2195.0,874,18.072545
2518.0,886,36.252936
3019.0,2297,80.610533
