#{"t_start": 1766548940.7361002, "env_id": "SuperMarioBros-v2"}
r,l,t
5893.0,616,19.92065
6545.0,683,39.623481
6665.0,661,57.708003
