#{"t_start": 1766547792.9188306, "env_id": "SuperMarioBros-v2"}
r,l,t
1441.0,508,7.926
1711.0,1122,22.926646
