#{"t_start": 1766553968.7243037, "env_id": "SuperMarioBros-v0"}
r,l,t
1175.0,579,9.457321
1103.0,271,13.207482
1583.0,405,19.002549
