#{"t_start": 1766553503.8779323, "env_id": "SuperMarioBros-v0"}
r,l,t
673.0,140,3.062888
2307.0,1055,17.710894
1475.0,279,21.58393
