#{"t_start": 1766549053.091698, "env_id": "SuperMarioBros-v2"}
r,l,t
6343.0,672,21.76963
6462.0,641,42.830246
