#{"t_start": 1766552952.2427008, "env_id": "SuperMarioBros-v0"}
r,l,t
1358.0,306,5.60055
2263.0,1534,27.5341
