#{"t_start": 1764035950.3719976, "env_id": "SuperMarioBros-v2"}
r,l,t
7296.0,793,30.0637
5772.0,669,48.664697
