#{"t_start": 1766553417.8193552, "env_id": "SuperMarioBros-v0"}
r,l,t
1919.0,1300,19.192338
