#{"t_start": 1766553555.139599, "env_id": "SuperMarioBros-v0"}
r,l,t
2007.0,640,10.139608
1288.0,1155,26.753604
