#{"t_start": 1766553053.0162845, "env_id": "SuperMarioBros-v0"}
r,l,t
1765.0,1758,46.014073
2360.0,839,67.494085
