#{"t_start": 1766547545.2427943, "env_id": "SuperMarioBros-v2"}
r,l,t
6255.0,632,22.320603
6296.0,719,44.209749
