#{"t_start": 1766553004.402722, "env_id": "SuperMarioBros-v0"}
r,l,t
1166.0,2029,29.353117
